Report generated for: Organization
Server: http://localhost:8085/fhir
Total Unique Values Found: 1061
==================================================
A PLUS CHIROPRACTIC MANAGEMENT INC - WEST WAREHAM (MA) 02576-1208
AASP ALLERGY AND ASTHMA SPECIALTY PHYSICIANS  PC - NORWOOD (MA) 02062-3448
ABSOLUTE HEALTH CHIROPRACTIC PC - WRENTHAM (MA) 02093-1527
ACHIEVE PHYSICAL THERAPY LLC - BEDFORD (MA) 01730-2425
ADCARE HOSPITAL OF WORCESTER INC - WORCESTER (MA) 01605
ADULT AND PEDIATRIC DERMATOLOGY  P.C. - MARLBORO (MA) 01752-3295
ADVANCED EYE CENTERS INC - N DARTMOUTH (MA) 02747-1255
ALAN ROCKOFF  M.D  LLC - ANDOVER (MA) 01810-4888
ALL CARE HOSPICE INC. - LYNN (MA) 01901-1536
ALL-ACCESS PHYSICAL THERAPY  INC. - STERLING (MA) 01564-2146
ANAESTHESIA ASSOCIATES OF MASSACHUSETTS  PC - DEDHAM (MA) 02026-6146
ANAESTHESIA ASSOCIATES OF MASSACHUSETTS  PC - WALTHAM (MA) 02451-1419
ANCHOR MEDICAL GROUP AND WELLNESS CENTER PC - WALPOLE (MA) 02081-1844
ANDREW S JUSKO MD PC - EAST LONGMEADOW (MA) 01028-1830
ANNA JAQUES HOSPITAL - NEWBURYPORT (MA) 01950
ARBOUR ELDER SERVICES  INC. - NORWELL (MA) 02061-2010
ARBOUR ELDER SERVICES  INC. - ROCKLAND (MA) 02370-1075
ASSOCIATES OF SOUTH SHORE DERMATOLOGY LLC - MILTON (MA) 02186-3926
ATHOL MEMORIAL HOSPITAL - ATHOL (MA) 01331
ATRIUS HEALTH INC - MEDFORD (MA) 02155-4765
ATRIUS HEALTH INC - SOMERVILLE (MA) 02144-2705
AUBURN PODIATRY LLP - AUBURN (MA) 01501-5708
AUDIOLOGY SERVICES INC - BELMONT (MA) 02478-4046
BACK ON TRACK  P.C. - BEDFORD (MA) 01730-1404
BARLEY FAMILY HEALTHCARE AND REHABILITATION PC - FAIRHAVEN (MA) 02719-1605
BAY STATE PHYSICAL THERAPY OF RANDOLPH PC - ABINGTON (MA) 02351-2186
BAY STATE PHYSICAL THERAPY OF RANDOLPH PC - CEDARVILLE (MA) 02360-6903
BAY STATE PHYSICAL THERAPY OF RANDOLPH PC - SCITUATE (MA) 02066-4533
BAY STATE PHYSICAL THERAPY OF RANDOLPH PC - SOUTH BOSTON (MA) 02127-2217
BAY STATE PHYSICAL THERAPY OF RANDOLPH PC - TEWKSBURY (MA) 01876-4712
BAYSTATE FRANKLIN MEDICAL CENTER - GREENFIELD (MA) 01301
BAYSTATE MEDICAL CENTER - SPRINGFIELD (MA) 01199
BAYSTATE MEDICAL PRACTICES INC - GREENFIELD (MA) 01301-2613
BAYSTATE MEDICAL PRACTICES INC - SOUTH HADLEY (MA) 01075-3218
BAYSTATE WING HOSPITAL AND MEDICAL CENTERS - PALMER (MA) 01069
BEHAVIORAL HEALTH NETWORK INC - HOLYOKE (MA) 01040-5117
BEHAVIORAL HEALTH NETWORK INC - SPRINGFIELD (MA) 01103-2203
BEHAVIORAL HEALTH NETWORK INC - SPRINGFIELD (MA) 01105-2044
BEHAVIORAL HEALTH NETWORK INC - WESTFIELD (MA) 01085-4598
BERKSHIRE FACULTY SERVICES INC - ADAMS (MA) 01220-2032
BERKSHIRE FACULTY SERVICES INC - LENOX (MA) 01240-2185
BERKSHIRE FACULTY SERVICES INC - PITTSFIELD (MA) 01201-4147
BERKSHIRE MEDICAL CENTER INC - 1 - PITTSFIELD (MA) 01201
BERNARD J DURANTE MD PC - PLYMOUTH (MA) 02360-4804
BETH ISRAEL DEACONESS HOSPITAL - NEEDHAM - NEEDHAM (MA) 02494
BETH ISRAEL DEACONESS HOSPITAL - PLYMOUTH - PLYMOUTH (MA) 02360
BETH ISRAEL DEACONESS HOSPITAL-MILTON INC - MILTON (MA) 02186
BETH ISRAEL DEACONESS MEDICAL CENTER - BOSTON (MA) 02215
BEVERLY HOSPITAL CORPORATION - BEVERLY (MA) 01915
BOSTON CHILDREN'S HOSPITAL - BOSTON (MA) 02115
BOSTON MEDICAL CENTER CORPORATION- - BOSTON (MA) 02118
BOSTON PAINCARE CENTER INC - WALTHAM (MA) 02451-1105
BOSTON SPORTS MEDICINE AND RESEARCH INSTITUTE LLC - DEDHAM (MA) 02026-6146
BOSTON VISION WORKS INC - SAUGUS (MA) 01906-3143
BRIAN D. TEDESCO DPM AND GEORGE A. ABBOUD DPM PC - READING (MA) 01867-3270
BRIGGS CHIROPRACTIC OFFICE P C - SAUGUS (MA) 01906-2371
BRIGHAM AND WOMEN'S FAULKNER HOSPITAL - BOSTON (MA) 02130
BRIGHAM AND WOMEN'S HOSPITAL - BOSTON (MA) 02115
BRIGHAM AND WOMENS HOSPITAL  INC - CHESTNUT HILL (MA) 02467-2477
BRIGHAM AND WOMENS PHYSICIANS ORGANIZATION INC - BOSTON (MA) 02115-6134
BRUCE A KASTER MD PC - NEEDHAM (MA) 02494-2726
BURLINGTON OB-GYN ASSOC INC - BURLINGTON (MA) 01803-3766
Boston Vet Center - Boston (MA) 02210
Brockton Vet Center - Brockton (MA) 02301
C AND S REHABILITATION INCORP - BELLINGHAM (MA) 02019-1590
CAMBRIDGE HEALTH ALLIANCE - CAMBRIDGE (MA) 02138
CAMBRIDGE PUBLIC HEALTH COMMISSION - EVERETT (MA) 02149-5095
CAMBRIDGE PUBLIC HEALTH COMMISSION - REVERE (MA) 02151-3034
CAMBRIDGE PUBLIC HEALTH COMMISSION - SOMERVILLE (MA) 02143-1408
CAMBRIDGE PUBLIC HEALTH COMMISSION - SOMERVILLE (MA) 02143-1495
CAMBRIDGE PUBLIC HEALTH COMMISSION - SOMERVILLE (MA) 02143-2827
CAMBRIDGE PUBLIC HEALTH COMMISSION - SOMERVILLE (MA) 02145-1119
CAPE COD HOSPITAL - HYANNIS (MA) 02601
CAREWELL URGENT CARE CENTERS OF MA  PC - BILLERICA (MA) 01821-2811
CAREWELL URGENT CARE CENTERS OF MA  PC - SOMERVILLE (MA) 02145-2407
CARL GUSTAFSON LLC - BROOKLINE (MA) 02446-5587
CARL GUSTAFSON LLC - WOBURN (MA) 01801-1003
CARLSON PATHOLOGY ASSOCIATES PC - BROCKTON (MA) 02302-3395
CARNEY HOSPITAL - BOSTON (MA) 02124
CD PRACTICE ASSOCIATES INC - WILLIAMSBURG (MA) 01096-9427
CEDAR STREET FAMILY CLINIC INC - WORCESTER (MA) 01608-1601
CENTER FOR EYE EXCELLENCE - SPRINGFIELD (MA) 01118-1895
CENTER FOR HUMAN DEVELOPMENT  INC. - ORANGE (MA) 01364-1150
CHARIS CENTER SOUTH  INC. - EASTON (MA) 02334
CHARLES RIVER MEDICAL ASSOCIATES  PC - FRAMINGHAM (MA) 01702-5316
CHARLES RIVER MEDICAL ASSOCIATES  PC - HUDSON (MA) 01749-2765
CHARLES RIVER MEDICAL ASSOCIATES  PC - NATICK (MA) 01760-7700
CHARLTON FAMILY PRACTICE - CHARLTEN (MA) 01507-7251
CHELSEA MGH HEALTH CENTER MEDICAL WALK IN - CHELSEA (MA) 2150
CLINTON HOSPITAL ASSOCIATION - CLINTON (MA) 01510
CODMAN SQUARE HEALTH CENTER - DORCHESTER (MA) 2124
COMMONWEALTH ANESTHESIA ASSOCIATES  INC - NEWTON (MA) 02462-1607
COMMONWEALTH RADIOLOGY ASSOCIATES  INC - SALEM (MA) 01970-2714
COMMUNITY HEALTH PROGRAMS INC - PITTSFIELD (MA) 01201-5493
COMMUNITY HEALTHLINK INC - WORCESTER (MA) 01610-2476
COMMUNITY MEDICAL ASSOCIATES  INC. - LAWRENCE (MA) 01841-2310
COMMUNITY PHYSICIANS ASSOC INC - MILTON (MA) 02186-3881
COMPREHENSIVE PHYSICAL THERAPY  PC - LEICESTER (MA) 01524-1313
CONCENTRA URGENT CARE - EAST BOSTON - EAST BOSTON (MA) 2128
CONCENTRA URGENT CARE - GREENFIELD - GREENFIELD (MA) 1301
CONCENTRA URGENT CARE - SPRINGFIELD - SPRINGFIELD (MA) 1104
CONCENTRA URGENT CARE - WILMINGTON - WILMINGTON (MA) 1887
CONGENIAL HEALTHCARE LLC - MIDDLETON (MA) 01949-2446
COOLEY DICKINSON HOSPITAL INC THE - NORTHAMPTON (MA) 01060
CRABBE CHIROPRACTIC  INC - ACUSHNET (MA) 02743-2772
CRAFTS MEDICAL ASSOCIATES INC. - CHESTNUT HILL (MA) 02467-1826
CRYSTAL LAKE PATHOLOGY PC - GARDNER (MA) 01440-1336
CUMMINGS PHYSICAL THERAPY INC - REVERE (MA) 02151-4543
CUMMINGS PHYSICAL THERAPY INC - WINTHROP (MA) 02152-2913
Cape Cod Vet Center - Hyannis (MA) 02601
Causeway OPC - Boston (MA) 02114
DALTON MEDICAL ASSOCIATES  LLP - DALTON (MA) 01226-1202
DALY FOOT CARE  PC - MALDEN (MA) 02148-4118
DARLENE C BERRYMAN LICSW LLC - PITTSFIELD (MA) 01201-6442
DAVIS SQUARE CHIROPRACTIC  PC - SOMERVILLE (MA) 02144-2733
DEBS CHIROPRACTIC P.C. - SHREWSBURY (MA) 01545-3873
DENTAL SURGEONS OF FALL RIVER PC - NORTH DARTMOUTH (MA) 02747-3733
DERMATOLOGY ASSOCIATES PC - FRANKLIN (MA) 02038-1374
DG PHYSICAL THERAPY PC - CHELMSFORD (MA) 01824-2775
DIRECT RADIOLOGY LLC - EDGARTOWN (MA) 02539-6406
DOMENIC M STRAZZULLA MD PC - QUINCY (MA) 02169-0917
DOWNTOWN PHYSICAL THERAPY AND REHABILITATION INC - BOSTON (MA) 02110-3926
DR LAURA ANNE POTVIN PC - GROVELAND (MA) 01834-1566
DR. GINO MERCADANTE  P.C. - LUDLOW (MA) 01056-2772
DRX MALDEN PROFESSIONALS PC - MALDEN (MA) 02148-5524
EAR  NOSE AND THROAT ASSOCIATES OF WORCESTER  INC. - CHARLTON (MA) 01507-5237
EAST BOSTON NEIGHBORHOOD HEALTH CENTER URGENT CARE - BOSTON (MA) 2128
EDWARD M KENNEDY COMMUNITY HEALTH CENTER INC - MILFORD (MA) 01757-3292
ELIOT COMMUNITY HUMAN SERVICES  INC. - EVERETT (MA) 02149-4632
ELITE SPORTS INC - FOXBOROUGH (MA) 02035-2865
EMERGENCY MEDICINE SOLUTIONS  LLC - SPRINGFIELD (MA) 01104-2377
EMERSON HOSPITAL - - W CONCORD (MA) 01742
ENCOMPASS CARE COMPANY INC - SOUTHBOROUGH (MA) 01772-1777
EVERETT FOOT CARE PC - EVERETT (MA) 02149-3614
EVOLVE HEALTH PC - QUINCY (MA) 02171-2249
EXETER EYE ASSOCIATES LLC - SAUGUS (MA) 01906-4181
EYE ASSOCIATES OF SOMERVILLE INC. - SOMERVILLE (MA) 02145-3129
EYE ASSOCIATES PC - BURLINGTON (MA) 01803-2921
EYE EXAMS  LLC - REVERE (MA) 02151-4309
EYE HEALTH ASSOCIATES LLC - FAIRHAVEN (MA) 02719-3140
Edith Nourse Rogers Memorial Veterans Hospital (Bedford VA) - Bedford (MA) 01730
FAIRVIEW HOSPITAL - GREAT BARRINGTON (MA) 01230
FALLON CLINIC URGENT CARE - WORCESTER (MA) 1605
FALMOUTH HOSPITAL - FALMOUTH (MA) 02540
FALMOUTH HOSPITAL CLINIC AT BOURNE - BUZZARDS BAY (MA) 2532
FALMOUTH WALK IN MEDICAL CENTER - TEATICKET (MA) 2536
FAMILY CARE MEDICAL CENTER / URGENT CARE PHYSICIAN - SPRINGFIELD (MA) 1118
FAMILY DOCTORS - SWAMPSCOTT (MA) 1907
FAMILY HEALTH CENTER - WORCESTER (MA) 1610
FAMILY MEDICAL CENTER - FAIRHAVEN (MA) 2719
FAMILY MEDICINE ASSOCIATES - WESTFIELD (MA) 01085-1832
FAMILY MEDICINE ASSOCIATES OF SOUTH ATTLEBORO  P.C. - SOUTH ATTLEBORO (MA) 02703-6942
FONTAINE MEDICAL CENTER - HARWICH (MA) 2645
FOREST PARK EYE CARE PC - SPRINGFIELD (MA) 01108-2320
FRAMINGHAM ORTHOPEDIC ASSOCIATES  INC - FRAMINGHAM (MA) 01701
FRANCISCAN CHILDREN'S HOSPITAL & REHAB CENTER - BRIGHTON (MA) 02135
FRANKLIN EYE CARE ASSOCIATES LLC - GARDNER (MA) 01440
Fitchburg Outpatient Clinic - Fitchburg (MA) 01420
Framingham Outpatient Clinic - Framingham (MA) 01702
GAIL S MARCHETTO OD LLC - ABINGTON (MA) 02351-1921
GATEWAY PHYSICAL THERAPY AND WELLNESS CORP - LEE (MA) 01238-9612
GENERAL HEALTH CARE - NORTH ATTLEBORO (MA) 2760
GEORGE SVAJIAN PH D AND ASSOCIATES INC - RAYNHAM (MA) 02767-1973
GERIATRIC INTERNAL MEDICINE SPECIALISTS  LLC - NEW BEDFORD (MA) 02744-1052
GLOBAL CARE MEDICAL GROUP PC - LOWELL (MA) 01854-2042
GLOBAL CARE MEDICAL GROUP PC - TEWKSBURY (MA) 01876-1699
GOOD SAMARITAN MEDICAL CENTER - BROCKTON (MA) 02301
GOSNOLD  INC. - BROCKTON (MA) 02301-4800
GREAT BROOK VALLEY HEALTH CENTER - WORCESTER (MA) 1605
GREATER BOSTON PODIATRY ASSOCIATES  PC - NORWELL (MA) 02061-1840
GREATER LOWELL FAMILY PRACTICE PC - TEWKSBURY (MA) 01876-1699
GREATER MILFORD NEUROLOGY  LLC - HOPEDALE (MA) 01747-1700
GREENDALE PHYSICAL THERAPY LLC - CLINTON (MA) 01510-2560
GROSSO CHIROPRACTIC  P.C. - WEST SPRINGFIELD (MA) 01089-3865
GROTON MEDICAL ASSOCIATES  LLC - GROTON (MA) 01450-1879
Gloucester Community Based Outpatient Clinic (CBOC) - Gloucester (MA) 01930
Greenfield Outpatient Clinic - Greenfield (MA) 01301
HALLMARK HEALTH MEDICAL ASSOCIATES INC - MALDEN (MA) 02148-2329
HALLMARK HEALTH MEDICAL ASSOCIATES INC - REVERE (MA) 02151-3143
HALLMARK HEALTH MEDICAL ASSOCIATES INC - SOMERVILLE (MA) 02145-2528
HALLMARK HEALTH MEDICAL ASSOCIATES INC - WINTHROP (MA) 02152-1058
HALLMARK HEALTH SYSTEM - MELROSE (MA) 02176
HALLMARK IMAGING ASSOCIATES  PC - READING (MA) 01867-3271
HAMPDEN COUNTY URGENT MEDICAL CARE CENTER - EAST LONGMEADOW (MA) 1028
HAMPDEN HEARING SERVICES  INC. - EAST LONGMEADOW (MA) 01028-2326
HAMPSHIRE GASTROENTEROLOGY ASSOCIATES  LLC - FLORENCE (MA) 01062-3160
HANOVER FAMILY HEALTH AND URGENT CARE - HANOVER (MA) 2339
HARBOR MEDICAL ASSOCIATES  INC. - SOUTH WEYMOUTH (MA) 02190-1845
HARBOR MEDICAL ASSOCIATES  INC. - SOUTH WEYMOUTH (MA) 02190-1857
HARMELING PHYSICAL THERAPY AND SPORTS FITNESS INC - DANVERS (MA) 01923-3777
HARRINGTON MEMORIAL HOSPITAL-1 - SOUTHBRIDGE (MA) 01550
HARRINGTON PHYSICIAN SERVICES INC - BRIMFIELD (MA) 01010-9647
HARRINGTON PHYSICIAN SERVICES INC - SOUTHBRIDGE (MA) 01550-4051
HARRINGTON PHYSICIAN SERVICES INC - WEBSTER (MA) 01570-1509
HARVARD MEDICAL FACULTY PHYS AT BETH ISRAEL DEACONESS MED CTR  INC. - MILTON (MA) 02186-3926
HARVARD MEDICAL FACULTY PHYS AT BETH ISRAEL DEACONESS MED CTR  INC. - NANTUCKET (MA) 02554-2799
HARVARD VANGUARD BRAINTREE PRACTICE URGENT CARE - BRAINTREE (MA) 2184
HAWTHORN MEDICAL URGENT CARE CENTER - NORTH DARTMOUTH (MA) 2747
HEALOGICS SPECIALTY PHYSICIANS OF MASSACHUSETTS  PLLC. - SALEM (MA) 01970-2714
HEALTH EXPRESS LLC - WEYMOUTH (MA) 02188-2932
HEALTH INDEPENDENT PROVIDERS INC - LAWRENCE (MA) 01841
HEALTHALLIANCE HOSPITALS  INC - LEOMINSTER (MA) 01453
HEALTHCARE SOUTH PC - QUINCY (MA) 02169-0928
HEALTHFIRST FAMILY CARE CENTER INC - FALL RIVER (MA) 02723-1026
HEYWOOD HOSPITAL - - GARDNER (MA) 01440
HEYWOOD MEDICAL GROUP INC. - GARDNER (MA) 01440-2927
HIGH POINT TREATMENT CENTER INC. - NEW BEDFORD (MA) 02740-6232
HIGHLAND SURGICAL ASSOCIATES LLC - MILTON (MA) 02186-3801
HILLTOWN COMMUNITY HEALTH CENTERS INC - WORTHINGTON (MA) 01098
HOLY FAMILY HOSPITAL - METHUEN (MA) 01844
HOLY FAMILY MEDICAL SPECIALTY PRACTICE PLLC - METHUEN (MA) 01844-4597
HOLYOKE MEDICAL CENTER - HOLYOKE (MA) 01040
HOLYOKE MEDICAL CENTER INC - CHICOPEE (MA) 01013-3140
HOPEDALE CARDIOVASCULAR ASSOCIATES  LLC - UPTON (MA) 01568-1309
Haverhill Community Based Outpatient Clinic (CBOC) - Haverhill (MA) 01830
Hyannis Outpatient Clinic - Hyannis (MA) 02601
ICON ANESTHESIA SERVICES OF NEW ENGLAND LLC - MIDDLETON (MA) 01949-2024
IDEAL HEALTHCARE SOLUTIONS LLC - SHARON (MA) 02067-1714
INDEPENDENCE EYE ASSOCIATES  LLC - NORTH DARTMOUTH (MA) 02747-6230
INDEPENDENCE EYE ASSOCIATES  PC - DARTMOUTH (MA) 02747-6230
INNER BALANCE INTEGRATIVE MEDICINE LLC - WELLESLEY (MA) 02481-2110
INTERNAL MEDICAL ASSOCIATES-EBNHC - EAST BOSTON (MA) 02128-1920
JAMES T. REIMER  M.D.  P.C. - YARMOUTH PORT (MA) 02675-1744
JOHN MAGALHAES AND ASSOCIATES  INC. - DARTMOUTH (MA) 02747-4302
JORDAN PHYSICIAN ASSOCIATES INC. - DUXBURY (MA) 02332-4605
JORDAN PHYSICIAN ASSOCIATES INC. - FORESTDALE (MA) 02644-1427
JUSTICE RESOURCE INSTITUTE  INC - SALEM (MA) 01970-1402
KHOURY CHIROPRACTC  INC. - BELLINGHAM (MA) 02019-1678
KYLE CORBIN  DC PA - SEEKONK (MA) 02771-3117
LAHEY CLINIC  INC. - GLOUCESTER (MA) 01930-4832
LAHEY CLINIC  INC. - HAVERHILL (MA) 01830-6738
LAHEY CLINIC  INC. - MERRIMAC (MA) 01860-2005
LAHEY CLINIC  INC. - WILMINGTON (MA) 01887-2179
LAHEY CLINIC NORTHSHORE - PEABODY (MA) 1960
LAHEY HOSPITAL & MEDICAL CENTER  BURLINGTON - BURLINGTON (MA) 01803
LAHEY PHYSICIAN COMMUNITY ORGANIZATION I INC - WOBURN (MA) 01801-1900
LAWRENCE GENERAL HOSPITAL - LAWRENCE (MA) 01842
LAWRENCE HEALTH SOLUTIONS LLC - LAWRENCE (MA) 01841-2356
LC HOLBROOK  INC. - HOLBROOK (MA) 02343-1111
LEXINGTON EYE ASSOCIATES  INC - ARLINGTON (MA) 02474-8302
LOUIS B. COIRO  INC - CHELMSFORD (MA) 01824-1740
LOUIS B. COIRO  INC - TEWKSBURY (MA) 01876-1800
LOWELL COMMUNITY HEALTH CENTER  INC. - LOWELL (MA) 01852-2103
LOWELL GENERAL HOSPITAL - LOWELL (MA) 01854
LYNN VEIN CLINIC LLC - LYNN (MA) 01901-1629
LYNNFIELD PSYCHOLOGICAL ASSOCIATES  PC - LYNNFIELD (MA) 01940-2514
Lowell Outpatient Clinic - Lowell (MA) 01852
Lowell Vet Center - Lowell (MA) 01852
Lowell Veterans Community Care Center - Lowell (MA) 01852
Lynn Community Based Outpatient Clinic (CBOC) - Lynn (MA) 01904
MAGILL AND GARDNER PHYSICAL THERAPY PC - SCITUATE (MA) 02066-4532
MAIN STREET FAMILY PRACTICE PC - MELROSE (MA) 02176-3138
MALCOLM AND MARTIN GREENE OD PARTNERS - WATERTOWN (MA) 02472-3473
MANOR HILL MEDICAL ASSOCIATES LLC - GLOUCESTER (MA) 01930-2237
MARATHON PHYSICAL THERAPY AND SPORTS MEDICINE  LLC - CANTON (MA) 02021-4000
MARATHON PHYSICAL THERAPY AND SPORTS MEDICINE  LLC - EASTON (MA) 02334
MARLBOROUGH HOSPITAL - MARLBOROUGH (MA) 01752
MARTHA'S VINEYARD HOSPITAL INC - OAK BLUFFS (MA) 02557
MASHPEE FAMILY MEDICINE - MASHPEE (MA) 2649
MASS LUNG AND ALLERGY PC - CONCORD (MA) 01742-4181
MASS LUNG AND ALLERGY PC - WEBSTER (MA) 01570-1509
MASS OPTOMETRIC ASSOCIATES  PLLC - FRANKLIN (MA) 02038-4005
MASSACHUSETTS ACUTE CARE SPECIALISTS PC - MEDFORD (MA) 02155-1643
MASSACHUSETTS EYE AND EAR ASSOCIATES  INC - BRAINTREE (MA) 02184-5351
MASSACHUSETTS EYE AND EAR INFIRMARY - - BOSTON (MA) 02114
MASSACHUSETTS GENERAL HOSPITAL - BOSTON (MA) 02114
MASSACHUSETTS GENERAL PHYSICIANS ORGANIZATION  INC - CHELSEA (MA) 02150-1812
MASSACHUSETTS GENERAL PHYSICIANS ORGANIZATION  INC - CHELSEA (MA) 02150-2339
MASSACHUSETTS GENERAL PHYSICIANS ORGANIZATION  INC - STONEHAM (MA) 02180-3542
MASSACHUSETTS MEDICAL AND PHYSICAL THERAPY ASSOCIATES INC - MELROSE (MA) 02176-6055
MASSBAY COUNSELING INC. - MARSHFIELD (MA) 02050-2147
MCNALLY BROTHERS - CHICOPEE (MA) 01020-1539
MCNALLY BROTHERS - LONGMEADOW (MA) 01106-1893
MEDEXPRESS URGENT CARE PC MASSACHUSETTS - CHICOPEE (MA) 01020-3900
MEDEXPRESS URGENT CARE PC MASSACHUSETTS - METHUEN (MA) 01844-3811
MEDFIELD EYE ASSOCIATES  INC - MEDFIELD (MA) 02052-1507
MEDFIELD ORTHOPEDIC AND SPORTS PHYSICAL THERAPY - MEDFIELD (MA) 02052-2317
MEDICAL AFFILIATES OF CAPE COD  INC. - HYANNIS (MA) 02601-3129
MEDICAL CARE OF BOSTON MANAGEMENT CORPORATION - BRAINTREE (MA) 02184-6562
MEDICAL CARE OF BOSTON MANAGEMENT CORPORATION - MILTON (MA) 02186-3429
MEDICAL CARE OF BOSTON MANAGEMENT CORPORATION - NEEDHAM (MA) 02494-1228
MEDICAL CARE OF BOSTON MANAGEMENT CORPORATION - RANDOLPH (MA) 02368-4835
MEEKS AND ZILBERFARB ORTHOPEDIC ASSOCIATES  P.C. - BROOKLINE (MA) 02446-5587
MERCY INPATIENT MEDICAL ASSOCIATES INC - SPRINGFIELD (MA) 01104-3581
MERCY MEDICAL CTR - SPRINGFIELD (MA) 01104
MERCY MEDICAL GROUP INC - LUDLOW (MA) 01056-1228
MERRIMACK VALLEY PHYSICAL THERAPY - LAWRENCE (MA) 01840-1553
METROMEDIC WALK IN CLINIC - NEW BEDFORD (MA) 2740
METROWEST MEDICAL CENTER - FRAMINGHAM (MA) 01701
MID CAPE MEDICAL CENTER - HYANNIS (MA) 2601
MIDDLETON FAMILY MEDICINE URGENT CARE  LLC - MIDDLETON (MA) 01949-2446
MILFORD FRANKLIN EYE CENTER LLC - FRANKLIN (MA) 02038-1350
MILFORD REGIONAL MEDICAL CENTER - MILFORD (MA) 01757
MILFORD REGIONAL PHYSICIAN GROUP INC - BELLINGHAM (MA) 02019-1826
MILFORD REGIONAL PHYSICIAN GROUP INC - HOPEDALE (MA) 01747-1311
MILFORD REGIONAL PHYSICIAN GROUP INC - NORTHBRIDGE (MA) 01534-1425
MILTON CARDIAC TESTING  P.C. - MILTON (MA) 02186-3800
MILTON CHIROPRACTIC AND REHABILITATION INC - SOMERSET (MA) 02726-5138
MINUTECLINIC DIAGNOSTIC OF MASSACHUSETTS  LLC - ASHLAND (MA) 01721-2154
MINUTECLINIC DIAGNOSTIC OF MASSACHUSETTS  LLC - BRIDGEWATER (MA) 02324-2630
MINUTECLINIC DIAGNOSTIC OF MASSACHUSETTS  LLC - CHARLTON (MA) 01507-1244
MINUTECLINIC DIAGNOSTIC OF MASSACHUSETTS  LLC - CLINTON (MA) 01510-1608
MINUTECLINIC DIAGNOSTIC OF MASSACHUSETTS  LLC - MEDFORD (MA) 02155-3825
MINUTECLINIC DIAGNOSTIC OF MASSACHUSETTS  LLC - SEEKONK (MA) 02771-2618
MINUTECLINIC DIAGNOSTIC OF MASSACHUSETTS  LLC - UXBRIDGE (MA) 01569-1757
MORTON HOSPITAL - TAUNTON (MA) 02780
MOUNT AUBURN HOSPITAL - CAMBRIDGE (MA) 02138
MT AUBURN PROFESSIONAL SERVICES - ARLINGTON (MA) 02476-4738
MT AUBURN PROFESSIONAL SERVICES - CAMBRIDGE (MA) 02138-5502
NANTUCKET COTTAGE HOSPITAL - NANTUCKET (MA) 02554
NASHOBA VALLEY MEDICAL CENTER - AYER (MA) 01432
NATALIE L. CHAMBERS  M.D.  P.C. - NORTH FALMOUTH (MA) 02556-8050
NATICK EYE ASSOCIATES  PC - PEABODY (MA) 01960-1647
NE NEPHROLOGY HOME CARE ASSOCIATES - QUINCY (MA) 02169-5029
NEEDHAM FAMILY PRACTICE ASSOC. P.C. - NEEDHAM (MA) 02494-3259
NEPHROLOGY ASSSOCIATES OF THE MERRIMACK VALLEY PC - TEWKSBURY (MA) 01876-1699
NESC BIDPO LLC - NATICK (MA) 01760-3644
NETWORK CHIROPRACTIC OF ACTON - ACTON (MA) 01720-4702
NEUROLOGICAL ASSOCIATES OF WESTERN MA - HOLYOKE (MA) 01040-6604
NEW ENGLAND BAPTIST HOSPITAL - BOSTON (MA) 02120
NEW ENGLAND COMMUNITY MEDICAL SERVICES PLLC - WILMINGTON (MA) 01887-3241
NEW ENGLAND EAR NOSE AND THROAT LLC - NEWTON (MA) 02462-1648
NEW ENGLAND FORENSIC ASSOCIATES  INC. - ARLINGTON (MA) 02476-4750
NEW ENGLAND INPATIENT SPECIALIST LLC - ATHOL (MA) 01331-3535
NEW ENGLAND NEPHROLOGY ASSOCIATES - ROXBURY (MA) 02119-1831
NEW ENGLAND ORAL SURGERY ASSOCIATES LLC - BILLERICA (MA) 01821-1916
NEW ENGLAND ORTHOPEDIC SURGEONS - SPRINGFIELD (MA) 01118-1900
NEW HORIZONS MEDICAL   P.C. - BROOKLINE (MA) 02446-3806
NEWTON WELLESLEY AMBULATORY SERVICES  INC - NEWTON (MA) 02462-1608
NEWTON WELLESLEY AMBULATORY SERVICES  INC - WALPOLE (MA) 02081-1703
NEWTON WELLESLEY NEUROLOGY ASSOCIATES  P.C. - NEWTON (MA) 02462-1699
NEWTON-WELLESLEY HOSPITAL - NEWTON (MA) 02462
NEWTON-WELLESLEY OBSTETRICS AND GYNECOLOGY PC - NEWTON (MA) 02462-1645
NOBLE HOSPITAL - WESTFIELD (MA) 01085
NORTH BRIDGE IMAGING GROUP  LLC - CONCORD (MA) 01742-2137
NORTH BRIDGE IMAGING GROUP  LLC - CONCORD (MA) 01742-4159
NORTH BRIDGE IMAGING GROUP  LLC - WESTFORD (MA) 01886-3115
NORTH END COMMUNITY HEALTH COMMITTEE INC - BOSTON (MA) 02113-1901
NORTH SHORE COMMUNITY HEALTH INC - SALEM (MA) 01970-7308
NORTH SHORE MEDICAL CENTER - - SALEM (MA) 01970
NORTH SHORE PHYSICIANS GROUP INC - SWAMPSCOTT (MA) 01907-2928
NORTH SUBURBAN EYE ASSOCIATES INC - WAKEFIELD (MA) 01880-5221
NORTH SUBURBAN ORTHOPEDIC ASSOCIATES INC - EVERETT (MA) 02149-3743
NORTH SUFFOLK MENTAL HEALTH ASSOCIATION  INC. - CHELSEA (MA) 02150-2807
NORTH SUFFOLK MENTAL HEALTH ASSOCIATION  INC. - CHELSEA (MA) 02150-2830
NORTH SUFFOLK MENTAL HEALTH ASSOCIATION  INC. - EAST BOSTON (MA) 02128-2116
NORTHAMPTON RADIOLOGIC ASSOCIATES  INC. - EASTHAMPTON (MA) 01027-1046
NORTHAMPTON RADIOLOGIC ASSOCIATES  INC. - FLORENCE (MA) 01062-1466
NORTHEAST GASTROENTEROLOGY ASSOCIATES PC - ANDOVER (MA) 01810-1501
NORTHEAST GASTROENTEROLOGY ASSOCIATES PC - METHUEN (MA) 01844-4597
NORTHEAST MEDICAL PRACTICE INC - BURLINGTON (MA) 01805-0001
NORTHEAST MEDICAL PRACTICE INC - DANVERS (MA) 01923-4065
NORTHEAST MEDICAL PRACTICE INC - GLOUCESTER (MA) 01930-4832
NORWOOD HOSPITAL - NORWOOD (MA) 02062
NUCH OF MASSACHUSETTS  LLC - FRANKLIN (MA) 02038-3827
New Bedford Outpatient Clinic - New Bedford (MA) 02740
New Bedford Vet Center - Fairhaven (MA) 02719
ODONATA PSYCHOTHERAPY AND RETREAT CENTER LLC - FORESTDALE (MA) 02644-1413
ON CALL URGENT CARE CENTER - NORTHAMPTON (MA) 1060
OPHTHALMIC CONSULTANTS OF BOSTON  INC. - BOSTON (MA) 02114-2539
ORTHO SPORT PHYSICAL THERAPY INC - WEST BRIDGEWATER (MA) 02379-1755
ORTHOPAEDIC ASSOCIATES OF MARLBORO  PC - MARLBOROUGH (MA) 01752-1271
ORTHOPEDIC AND SPORTS PHYSICAL THERAPY OF CAPE COD LLC - EAST HARWICH (MA) 02645-1316
ORTHOPEDIC TRAUMA P.C. - MILTON (MA) 02186-3874
PAGE ENTERPRISES INC - AUBURN (MA) 01501-5709
PARTNERS COMMUNITY PHYSICIANS ORGANIZATION INC - HAVERHILL (MA) 01830-2659
PARTNERS COMMUNITY PHYSICIANS ORGANIZATION INC - MEDFORD (MA) 02155-4530
PARTNERS URGENT CARE  LLC - MEDFORD (MA) 02155-4522
PATIENT FIRST CHIROPRACTIC AND PHYSICAL THERAPY PC - WALTHAM (MA) 02452-5516
PATRIOT URGENT CARE PROFESSIONALS  PC - BURLINGTON (MA) 01803-4938
PATRIOT URGENT CARE PROFESSIONALS  PC - WALTHAM (MA) 02451-7447
PAUL E GREENFIELD - WINTHROP (MA) 02152-1064
PCP10060 - AMESBURY (MA) 01913-2406
PCP10101 - MARSHFIELD (MA) 02050-2146
PCP101449 - SOUTHBRIDGE (MA) 01550-1859
PCP10220 - FITCHBURG (MA) 01420-1866
PCP10332 - PLYMPTON (MA) 02367-1718
PCP103362 - WAKEFIELD (MA) 01880-2300
PCP103421 - NORTH FALMOUTH (MA) 02556-3200
PCP103866 - GARDNER (MA) 01440-1336
PCP103886 - TEWKSBURY (MA) 01876-2084
PCP104516 - ASHLAND (MA) 01721-1185
PCP104937 - BRIDGEWATER (MA) 02324-2472
PCP105874 - QUINCY (MA) 02169-4175
PCP106281 - SALISBURY (MA) 01952-2400
PCP10689 - SOMERVILLE (MA) 02144-2530
PCP107572 - ANDOVER (MA) 01810-3724
PCP10780 - SOMERSET (MA) 02725-1816
PCP108282 - FRAMINGHAM (MA) 01702-6358
PCP109205 - EAST LONGMEADOW (MA) 01028-2353
PCP110155 - BRIDGEWATER (MA) 02324-1409
PCP111516 - LOWELL (MA) 01852-1929
PCP111557 - COHASSET (MA) 02025-1700
PCP11164 - CHELSEA (MA) 02150-3679
PCP112213 - BOSTON (MA) 02114-2336
PCP11227 - HINGHAM (MA) 02043-4051
PCP112572 - SOUTH WEYMOUTH (MA) 02190-1843
PCP11258 - LITTLETON (MA) 01460-1279
PCP112690 - BOSTON (MA) 02116-2941
PCP114043 - ACUSHNET (MA) 02743-2750
PCP114098 - WESTFIELD (MA) 01085-1370
PCP11437 - BELMONT (MA) 02478-1034
PCP115003 - FITCHBURG (MA) 01420-5329
PCP11511 - WEST HARWICH (MA) 02671-1220
PCP115959 - MONSON (MA) 01057-1353
PCP11621 - QUINCY (MA) 02169-4514
PCP116215 - STOUGHTON (MA) 02072-3751
PCP116564 - WEST BROOKFIELD (MA) 01585-2812
PCP116605 - STERLING (MA) 01564-2307
PCP116731 - PAXTON (MA) 01612-1380
PCP116891 - RAYNHAM (MA) 02767-1973
PCP117400 - NEEDHAM (MA) 02492-2520
PCP117478 - SOMERVILLE (MA) 02144-1703
PCP117906 - WOBURN (MA) 01801-7233
PCP118069 - BURLINGTON (MA) 01803-4529
PCP11873 - DOVER (MA) 02030-2374
PCP118875 - SOUTHWICK (MA) 01077-9829
PCP11928 - LEVERETT (MA) 01054-9770
PCP119659 - HOLDEN (MA) 01520-1539
PCP120265 - LOWELL (MA) 01854-2109
PCP120295 - HADLEY (MA) 01035-5903
PCP121054 - NORFOLK (MA) 02056-1642
PCP121122 - CHARLTON (MA) 01507-5445
PCP12132 - SHERBORN (MA) 01770-1302
PCP1215 - TAUNTON (MA) 02780-3529
PCP121788 - WORCESTER (MA) 01605-1932
PCP12261 - AMHERST (MA) 01002-1763
PCP12293 - NEWTON CENTER (MA) 02459-1945
PCP122999 - GLOUCESTER (MA) 01930-4262
PCP123143 - WESTFORD (MA) 01886-3527
PCP124300 - WESTHAMPTON (MA) 01027-9637
PCP124741 - SPRINGFIELD (MA) 01104-2363
PCP125236 - QUINCY (MA) 02169-4339
PCP126113 - CHELMSFORD (MA) 01824-1735
PCP126177 - HOLLISTON (MA) 01746-2105
PCP126432 - BEDFORD (MA) 01730-2208
PCP127217 - PRINCETON (MA) 01541-1808
PCP128389 - DEDHAM (MA) 02026-6804
PCP128586 - W WAREHAM (MA) 02576-1208
PCP1286 - BEVERLY (MA) 01915-6184
PCP128695 - ACTON (MA) 01720-5649
PCP130468 - MELROSE (MA) 02176-3879
PCP130534 - WESTBOROUGH (MA) 01581-1017
PCP130586 - ABINGTON (MA) 02351-2186
PCP130952 - MASHPEE (MA) 02649-6410
PCP131692 - MILTON (MA) 02186-3926
PCP131717 - LANESBOROUGH (MA) 01237-9524
PCP132470 - FRANKLIN (MA) 02038-2539
PCP133043 - WINCHESTER (MA) 01890-2846
PCP1336 - EVERETT (MA) 02149-3749
PCP1345 - NORWOOD (MA) 02062-5006
PCP134671 - PLAINVILLE (MA) 02762-2271
PCP13562 - AMHERST (MA) 01002-1741
PCP13660 - HANOVER (MA) 02339-1651
PCP136682 - SEEKONK (MA) 02771-5506
PCP13688 - LEOMINSTER (MA) 01453-3194
PCP13750 - SAUGUS (MA) 01906-2342
PCP137557 - NORTHAMPTON (MA) 01060-2001
PCP13770 - HADLEY (MA) 01035-9595
PCP13848 - HOLDEN (MA) 01520-1862
PCP13934 - WEST BOYLSTON (MA) 01583-1268
PCP139674 - SOMERSET (MA) 02726-2840
PCP140496 - REVERE (MA) 02151-3050
PCP14054 - SPRINGFIELD (MA) 01107-1147
PCP14074 - MILTON (MA) 02186-3513
PCP14104 - MALDEN (MA) 02148-6712
PCP141914 - DOUGLAS (MA) 01516-2160
PCP143203 - CANTON (MA) 02021-3032
PCP144050 - MILTON (MA) 02186-3874
PCP144288 - SPRINGFIELD (MA) 01119-2650
PCP144556 - REVERE (MA) 02151-3059
PCP144782 - CHELSEA (MA) 02150-2380
PCP144929 - WEST SPRINGFIELD (MA) 01089-2572
PCP14706 - NORTH DARTMOUTH (MA) 02747-1262
PCP147194 - BROCKTON (MA) 02301-1191
PCP149102 - SOMERVILLE (MA) 02144-2511
PCP149317 - WESTBORO (MA) 01581-2657
PCP149840 - WRENTHAM (MA) 02093-1349
PCP149962 - SOMERSET (MA) 02726-1211
PCP150126 - PITTSFIELD (MA) 01201-4109
PCP15030 - MILTON (MA) 02186-3431
PCP151160 - HOPEDALE (MA) 01747-1700
PCP15118 - WORCESTER (MA) 01605-3911
PCP15181 - FITCHBURG (MA) 01420-5214
PCP1535 - NORWOOD (MA) 02062-3351
PCP155211 - HOLYOKE (MA) 01040-2304
PCP15541 - NORTON (MA) 02766-2569
PCP155552 - METHUEN (MA) 01844-7152
PCP155636 - BERKLEY (MA) 02779-1924
PCP155778 - QUINCY (MA) 02169-4762
PCP156905 - SUDBURY (MA) 01776-2269
PCP157423 - WESTFORD (MA) 01886-3120
PCP157870 - CENTERVILLE (MA) 02632-2944
PCP157929 - OAK BLUFFS (MA) 02557
PCP15892 - LEXINGTON (MA) 02421-5220
PCP159152 - BROCKTON (MA) 02301-4437
PCP16089 - WESTPORT (MA) 02790-4100
PCP161094 - LITTLETON (MA) 01460-1916
PCP161397 - ABINGTON (MA) 02351-1707
PCP16143 - LONGMEADOW (MA) 01106-1045
PCP161669 - SAUGUS (MA) 01906-2107
PCP16181 - DEDHAM (MA) 02026-1711
PCP161818 - NORTH DARTMOUTH (MA) 02747-1992
PCP162348 - MARLBOROUGH (MA) 01752-1228
PCP162538 - MARLBOROUGH (MA) 01752-1872
PCP162607 - BRIGHTON (MA) 02135-3514
PCP162730 - HAVERHILL (MA) 01830-6700
PCP16322 - YARMOUTH PORT (MA) 02675-1843
PCP16385 - AUBURN (MA) 01501-1857
PCP164402 - NATICK (MA) 01760-2057
PCP16454 - CENTERVILLE (MA) 02632-2916
PCP164723 - HARWICH (MA) 02645-2661
PCP164907 - RANDOLPH (MA) 02368-4015
PCP165297 - BROOKLINE (MA) 02446-6427
PCP165311 - TAUNTON (MA) 02780-2429
PCP16544 - SHREWSBURY (MA) 01545-2904
PCP16559 - GROTON (MA) 01450-1236
PCP165627 - MARSHFIELD (MA) 02050-2146
PCP166078 - AVON (MA) 02322-1149
PCP166697 - SOMERSET (MA) 02726-4202
PCP166735 - HYANNIS (MA) 02601-3109
PCP16674 - ASHLAND (MA) 01721-1463
PCP166747 - METHUEN (MA) 01844-5821
PCP167138 - SWAMPSCOTT (MA) 01907-1333
PCP167233 - WAKEFIELD (MA) 01880-5013
PCP167629 - RUTLAND (MA) 01543-1527
PCP168391 - SHREWSBURY (MA) 01545-3025
PCP16952 - ACTON (MA) 01720-5757
PCP16967 - ARLINGTON (MA) 02476-5000
PCP169859 - WINCHENDON (MA) 01475-1820
PCP17091 - WEST SPRINGFIELD (MA) 01089-3365
PCP170967 - WEST SPRINGFIELD (MA) 01089-1540
PCP171542 - CARLISLE (MA) 01741-1854
PCP172876 - NEWTON (MA) 02461-1242
PCP172957 - CHESTNUT HILL (MA) 02467-2502
PCP17777 - WEST BOYLSTON (MA) 01583-1217
PCP17791 - MILLBURY (MA) 01527-2601
PCP178133 - ROCKLAND (MA) 02370-2214
PCP17835 - GLOUCESTER (MA) 01930-4420
PCP178844 - SOMERVILLE (MA) 02144-2017
PCP17971 - LAKEVILLE (MA) 02347-1608
PCP180360 - ATHOL (MA) 01331-3534
PCP18175 - MONTAGUE (MA) 01351-8925
PCP18347 - CARLISLE (MA) 01741-1840
PCP18474 - REVERE (MA) 02151-5305
PCP187044 - NORTON (MA) 02766-1243
PCP18807 - WESTON (MA) 02493-1425
PCP19101 - ANDOVER (MA) 01810-3835
PCP19106 - CAMBRIDGE (MA) 02139-1840
PCP191602 - WORCESTER (MA) 01605-3154
PCP191870 - ANDOVER (MA) 01810-3834
PCP192679 - BROCKTON (MA) 02301-4436
PCP192682 - LEOMINSTER (MA) 01453-4402
PCP192806 - SANDWICH (MA) 02563-1864
PCP19300 - BELMONT (MA) 02478-3924
PCP193003 - DOVER (MA) 02030-1805
PCP193418 - ATHOL (MA) 01331-2661
PCP193461 - EAST BOSTON (MA) 02128-1134
PCP1967 - HUDSON (MA) 01749-1720
PCP19685 - SOUTH HADLEY (MA) 01075-1493
PCP197622 - MILFORD (MA) 01757-3007
PCP19822 - MARBLEHEAD (MA) 01945-2704
PCP19836 - MAYNARD (MA) 01754-1360
PCP198798 - ROXBURY CROSSING (MA) 02120-2847
PCP19996 - NORWOOD (MA) 02062-3356
PCP200248 - NORTHBOROUGH (MA) 01532-2072
PCP201466 - WESTWOOD (MA) 02090-2743
PCP201566 - BOSTON (MA) 02114-3117
PCP201595 - FRAMINGHAM (MA) 01702-8239
PCP20163 - CAMBRIDGE (MA) 02138-1336
PCP202067 - AMHERST (MA) 01002-1741
PCP20231 - BROOKLINE (MA) 02446-4602
PCP20277 - FRANKLIN (MA) 02038-2697
PCP20360 - LINCOLN (MA) 01773-4907
PCP205355 - PEABODY (MA) 01960-4908
PCP205637 - SAUGUS (MA) 01906-1158
PCP206078 - MILTON (MA) 02186-3801
PCP209281 - WINTHROP (MA) 02152-1011
PCP209376 - NORTH ANDOVER (MA) 01845-6138
PCP209809 - MAYNARD (MA) 01754-2120
PCP210848 - FALMOUTH (MA) 02540-2503
PCP210961 - MILTON (MA) 02186-3881
PCP21099 - TEWKSBURY (MA) 01876-1727
PCP211702 - HADLEY (MA) 01035-9534
PCP211894 - SPRINGFIELD (MA) 01118-1803
PCP21446 - WAKEFIELD (MA) 01880-2309
PCP21489 - LENOX (MA) 01240-2525
PCP21492 - BELMONT (MA) 02478-1064
PCP218404 - TEWKSBURY (MA) 01876-1404
PCP219241 - LOWELL (MA) 01854-2042
PCP22031 - SEEKONK (MA) 02771-3736
PCP221165 - HOLYOKE (MA) 01040-5396
PCP222354 - E SANDWICH (MA) 02537-1371
PCP222654 - BELMONT (MA) 02478-1064
PCP224262 - WAKEFIELD (MA) 01880
PCP224306 - WRENTHAM (MA) 02093-1399
PCP225098 - SOUTH WEYMOUTH (MA) 02190-2432
PCP225482 - ANDOVER (MA) 01810-3681
PCP230103 - BRIDGEWATER (MA) 02324-2301
PCP230598 - EVERETT (MA) 02149-5067
PCP23136 - AMESBURY (MA) 01913-2440
PCP23399 - FRANKLIN (MA) 02038-2725
PCP23496 - NEW BEDFORD (MA) 02740-6272
PCP235727 - SOMERSET (MA) 02726
PCP236544 - WINTHROP (MA) 02152-1637
PCP23698 - STONEHAM (MA) 02180-1715
PCP2381 - BRIGHTON (MA) 02135-2905
PCP24312 - BOSTON (MA) 02116-2019
PCP246005 - ARLINGTON (MA) 02476-4738
PCP248432 - BOYLSTON (MA) 01505-1523
PCP25076 - CAMBRIDGE (MA) 02138-5732
PCP25135 - BEVERLY (MA) 01915-2757
PCP253790 - FAIRHAVEN (MA) 02719-3822
PCP254372 - ROCKLAND (MA) 02370-1737
PCP25699 - STOUGHTON (MA) 02072-4631
PCP25722 - SOMERVILLE (MA) 02143-1495
PCP257816 - NORFOLK (MA) 02056-1680
PCP258407 - MIDDLEBOROUGH (MA) 02346-2123
PCP258505 - DORCHESTER (MA) 02124-5699
PCP258626 - DARTMOUTH (MA) 02747-2537
PCP25982 - CONCORD (MA) 01742-2422
PCP260628 - BROOKLINE (MA) 02445-4270
PCP26077 - MILTON (MA) 02186-3417
PCP26086 - ROSLINDALE (MA) 02131-2416
PCP26122 - HOPKINTON (MA) 01748-2595
PCP2617 - WESTON (MA) 02493-1341
PCP26267 - BELMONT (MA) 02478-1064
PCP263918 - LAKEVILLE (MA) 02347-1618
PCP26392 - GRANBY (MA) 01033-9611
PCP264022 - BROOKLINE (MA) 02446-5903
PCP264195 - WEST SPRINGFIELD (MA) 01089-3809
PCP264214 - SUTTON (MA) 01590-1128
PCP26505 - WILMINGTON (MA) 01887-3238
PCP265232 - WAKEFIELD (MA) 01880-1209
PCP26621 - AMHERST (MA) 01002-2150
PCP26624 - HAMPDEN (MA) 01036-9535
PCP267201 - SOUTH HADLEY (MA) 01075-1388
PCP2722 - HINGHAM (MA) 02043-4021
PCP27674 - HINGHAM (MA) 02043-4036
PCP27822 - FAIRHAVEN (MA) 02719-3050
PCP28044 - WESTFORD (MA) 01886-2148
PCP28161 - ACTON (MA) 01720-5760
PCP28213 - QUINCY (MA) 02169-2022
PCP28420 - WALTHAM (MA) 02451-1415
PCP28483 - HINGHAM (MA) 02043-4007
PCP2851 - ATTLEBORO (MA) 02703-5316
PCP28800 - SHREWSBURY (MA) 01545-5265
PCP28807 - COHASSET (MA) 02025-1416
PCP28938 - NEWBURY (MA) 01951-1721
PCP28997 - CAMBRIDGE (MA) 02139-3188
PCP29160 - NEEDHAM (MA) 02494-1359
PCP29317 - BROOKLINE (MA) 02446-5587
PCP29415 - TEWKSBURY (MA) 01876-2082
PCP29581 - MANSFIELD (MA) 02048-2117
PCP29610 - HOPKINTON (MA) 01748-1262
PCP299981 - CAMBRIDGE (MA) 02138-1048
PCP3000 - HADLEY (MA) 01035-9559
PCP30027 - STOW (MA) 01775-1035
PCP30029 - NORTHAMPTON (MA) 01060-3127
PCP30030 - MILFORD (MA) 01757
PCP30118 - CAMBRIDGE (MA) 02139-3070
PCP30178 - WEST HARWICH (MA) 02671-1112
PCP30550 - BILLERICA (MA) 01821-3046
PCP30590 - WORCESTER (MA) 01608-1606
PCP30596 - CAMBRIDGE (MA) 02140-2543
PCP30726 - SHEFFIELD (MA) 01257-0274
PCP30919 - MANSFIELD (MA) 02048-3144
PCP309472 - WEST SPRINGFIELD (MA) 01089-1302
PCP30956 - MEDFORD (MA) 02155-3850
PCP30989 - WATERTOWN (MA) 02472-4153
PCP31020 - WAKEFIELD (MA) 01880-1647
PCP31052 - SUDBURY (MA) 01776-2329
PCP31069 - YARMOUTH PORT (MA) 02675-2159
PCP314077 - MIDDLETON (MA) 01949-2446
PCP315245 - CAMBRIDGE (MA) 02138-1510
PCP31673 - NORTHAMPTON (MA) 01060-3004
PCP31790 - CAMBRIDGE (MA) 02140
PCP31892 - BROOKLINE (MA) 02446-5504
PCP31916 - BELMONT (MA) 02478
PCP32099 - DRACUT (MA) 01826-5228
PCP32108 - ROCKPORT (MA) 01966-1441
PCP32258 - WILBRAHAM (MA) 01095-2706
PCP32327 - MARSHFIELD (MA) 02050-2309
PCP32522 - AMHERST (MA) 01002-2310
PCP32773 - BELMONT (MA) 02478-1064
PCP3280 - TOWNSEND (MA) 01469-1300
PCP32801 - LEXINGTON (MA) 02421-5512
PCP328474 - CAMBRIDGE (MA) 02139-4820
PCP32963 - WESTPORT (MA) 02790-3427
PCP33041 - SOUTHBORO (MA) 01772-1614
PCP33049 - MATTAPOISETT (MA) 02739-2626
PCP33054 - BILLERICA (MA) 01821-3584
PCP33077 - NEWTON CENTRE (MA) 02459-2415
PCP33176 - LONGMEADOW (MA) 01106-1700
PCP33308 - SHARON (MA) 02067-2966
PCP335381 - COHASSET (MA) 02025-2115
PCP33618 - LONGMEADOW (MA) 01106-2074
PCP33687 - AMHERST (MA) 01002-2293
PCP339907 - WEST BRIDGEWATER (MA) 02379
PCP34010 - HUDSON (MA) 01749-1354
PCP34098 - CONCORD (MA) 01742-2501
PCP343758 - RANDOLPH (MA) 02368-3072
PCP345319 - DANVERS (MA) 01923-2567
PCP34565 - RICHMOND (MA) 01254-0428
PCP3457 - JAMAICA PLAIN (MA) 02130-4320
PCP345924 - NEEDHAM (MA) 02492-2671
PCP34672 - WALTHAM (MA) 02453-4313
PCP348244 - LOWELL (MA) 01852-1709
PCP34946 - ARLINGTON (MA) 02474-8874
PCP34967 - MALDEN (MA) 02148-8117
PCP350297 - WEYMOUTH (MA) 02190-1612
PCP35161 - HINGHAM (MA) 02043-1963
PCP354624 - MILFORD (MA) 01757-2201
PCP354983 - EAST LONGMEADOW (MA) 01028-1850
PCP355049 - ROSLINDALE (MA) 02131-2413
PCP3554 - ORANGE (MA) 01364-1443
PCP355651 - WALTHAM (MA) 02453-2717
PCP3572 - WOBURN (MA) 01801-6365
PCP364 - HOLDEN (MA) 01520-1237
PCP36514 - STONEHAM (MA) 02180-1703
PCP36568 - METHUEN (MA) 01844-5855
PCP36988 - LOWELL (MA) 01854-1932
PCP37066 - BOLTON (MA) 01740-1300
PCP37108 - SEEKONK (MA) 02771-3736
PCP37168 - HOLBROOK (MA) 02343-1510
PCP37177 - FLORENCE (MA) 01062-2648
PCP37449 - BRAINTREE (MA) 02184-2401
PCP37542 - S DARTMOUTH (MA) 02748-2516
PCP37561 - HOPKINTON (MA) 01748-1013
PCP3763 - SOUTH DARTMOUTH (MA) 02748-3524
PCP38075 - HADLEY (MA) 01035-9529
PCP38475 - BELMONT (MA) 02478-4046
PCP38609 - LEXINGTON (MA) 02420-4440
PCP38777 - EVERETT (MA) 02149-3435
PCP38793 - MILTON (MA) 02186-3877
PCP38819 - BROOKLINE (MA) 02446-3806
PCP38895 - FEEDING HILLS (MA) 01030-2152
PCP39492 - SOUTH HADLEY (MA) 01075-6462
PCP3958 - BREWER (MA) 02631-1311
PCP39627 - WORCESTER (MA) 01605-2608
PCP40153 - HINGHAM (MA) 02043-3724
PCP40406 - WORCESTER (MA) 01609
PCP4047 - ROCKLAND (MA) 02370-1280
PCP40514 - MALDEN (MA) 02148-6905
PCP40593 - WAYLAND (MA) 01778-5036
PCP4233 - STONEHAM (MA) 02180-3580
PCP42968 - FALL RIVER (MA) 02723-1511
PCP43736 - EAST BOSTON (MA) 02128-1134
PCP44433 - DEDHAM (MA) 02026-1870
PCP44465 - EAST FALMOUTH (MA) 02536-4723
PCP4460 - LYNNFIELD (MA) 01940-2617
PCP44672 - HUDSON (MA) 01749-2863
PCP4505 - WEYMOUTH (MA) 02188-3302
PCP45325 - PITTSFIELD (MA) 01201-6110
PCP45635 - QUINCY (MA) 02169-0975
PCP45692 - LONGMEADOW (MA) 01106-1761
PCP4576 - WESTFIELD (MA) 01085-3587
PCP45943 - CONCORD (MA) 01742-2533
PCP45964 - FALL RIVER (MA) 02721-3019
PCP4608 - QUINCY (MA) 02169-4339
PCP4621 - GROVELAND (MA) 01834-1229
PCP46601 - WALPOLE (MA) 02081-2553
PCP46659 - WESTPORT (MA) 02790-4100
PCP4675 - DUXBURY (MA) 02332-5315
PCP46837 - BLACKSTONE (MA) 01504-2215
PCP47638 - NEWBURY (MA) 01951-1721
PCP48192 - NORTHBOROUGH (MA) 01532-1984
PCP49105 - YARMOUTH PORT (MA) 02675
PCP49333 - WARE (MA) 01082-1659
PCP4961 - BROOKLINE (MA) 02446-3806
PCP4983 - QUINCY (MA) 02169-5630
PCP50214 - MILTON (MA) 02186-3417
PCP5028 - SHARON (MA) 02067-2068
PCP5114 - WESTBOROUGH (MA) 01581-2658
PCP51609 - RAYNHAM (MA) 02767-1973
PCP5203 - SOMERVILLE (MA) 02144-1703
PCP52444 - LEXINGTON (MA) 02420-4641
PCP5306 - MEDWAY (MA) 02053-1815
PCP5324 - FRAMINGHAM (MA) 01701-5223
PCP5409 - BROOKLINE (MA) 02446-3793
PCP541 - WOBURN (MA) 01801-6508
PCP54107 - ARLINGTON (MA) 02474-8600
PCP5481 - OXFORD (MA) 01540-1728
PCP54814 - HOPKINTON (MA) 01748-1516
PCP5560 - LYNN (MA) 01901-1011
PCP55732 - WESTBORO (MA) 01581
PCP56017 - LYNN (MA) 01902-1934
PCP56672 - AMHERST (MA) 01002-1741
PCP56979 - SUDBURY (MA) 01776-3022
PCP57225 - MALDEN (MA) 02148-4699
PCP57911 - SPRINGFIELD (MA) 01107-1139
PCP5821 - CAMBRIDGE (MA) 02140-3527
PCP58697 - BROOKLINE (MA) 02445-7988
PCP59870 - WINCHESTER (MA) 01890-4300
PCP60041 - HOLLISTON (MA) 01746-2364
PCP60238 - CAMBRIDGE (MA) 02140-2852
PCP6043 - GROVELAND (MA) 01834-1008
PCP60992 - LEOMINSTER (MA) 01453-5903
PCP61278 - NORFOLK (MA) 02056-1161
PCP6162 - LEOMINSTER (MA) 01453-7506
PCP62677 - TEATICKET (MA) 02536-6545
PCP63301 - RANDOLPH (MA) 02368-5240
PCP63446 - LENOX (MA) 01240-2342
PCP63533 - WINTHROP (MA) 02152-2913
PCP63974 - FRAMINGHAM (MA) 01702-6005
PCP6468 - METHUEN (MA) 01844-5463
PCP65005 - REVERE (MA) 02151-3200
PCP65087 - BROOKLINE (MA) 02446-5695
PCP65131 - SEEKONK (MA) 02771-5627
PCP65886 - DEDHAM (MA) 02026-1870
PCP65936 - CAMBRIDGE (MA) 02139-3206
PCP661 - NEWBURY (MA) 01951-1721
PCP6620 - WINTHROP (MA) 02152-2649
PCP66863 - SHREWSBURY (MA) 01545-3415
PCP67588 - WEST SPRINGFIELD (MA) 01089-3366
PCP6759 - DARTMOUTH (MA) 02747-3319
PCP68093 - FITCHBURG (MA) 01420-5705
PCP68574 - BOXFORD (MA) 01921-2321
PCP68975 - ASHLAND (MA) 01721-2115
PCP6914 - EASTHAMPTON (MA) 01027-2756
PCP69286 - WEYMOUTH (MA) 02188-1704
PCP69746 - SWAMPSCOTT (MA) 01907-1831
PCP7004 - WINCHENDON (MA) 01475-1820
PCP70081 - ARLINGTON (MA) 02476-4744
PCP70575 - DEDHAM (MA) 02026-6148
PCP70755 - SALEM (MA) 01970-4276
PCP71714 - WEYMOUTH (MA) 02188-1702
PCP71937 - LONGMEADOW (MA) 01106-2042
PCP72032 - NEWTON (MA) 02465-2152
PCP72127 - SOUTH DEERFIELD (MA) 01373-9752
PCP7238 - HANSON (MA) 02341-1166
PCP72644 - EAST LONGMEADOW (MA) 01028-3119
PCP72987 - GLOUCESTER (MA) 01930-4832
PCP7313 - CAMBRIDGE (MA) 02138-5207
PCP73166 - SHARON (MA) 02067-1240
PCP74532 - BREWSTER (MA) 02631-2735
PCP7483 - PITTSFILED (MA) 01201
PCP7500 - NEWTON (MA) 02459-1138
PCP75555 - LUDLOW (MA) 01056-3470
PCP76029 - BRAINTREE (MA) 02184-2628
PCP7628 - WAYLAND (MA) 01778-5036
PCP76408 - HOLYOKE (MA) 01040-3968
PCP7709 - AUBURN (MA) 01501-2417
PCP7895 - ATTLEBORO (MA) 02703-2499
PCP79032 - WATERTOWN (MA) 02472-4611
PCP79034 - HINGHAM (MA) 02043-4256
PCP80353 - EAST FALMOUTH (MA) 02536-5960
PCP80545 - WHITMAN (MA) 02382-2436
PCP80613 - CAMBRIDGE (MA) 02139
PCP81074 - OAK BLUFFS (MA) 02557-1406
PCP81330 - HOLLISTON (MA) 01746-3600
PCP81425 - PEABODY (MA) 01960-2914
PCP82231 - BROOKLINE (MA) 02445-7573
PCP82911 - BROOKLINE (MA) 02446-5017
PCP83022 - NORTHFIELD (MA) 01360-9668
PCP83180 - EVERETT (MA) 02149-4940
PCP8352 - EASTHAMPTON (MA) 01027-2756
PCP8443 - FAIRHAVEN (MA) 02719-3140
PCP85071 - CAMBRIDGE (MA) 02138-4907
PCP8522 - KINGSTON (MA) 02364-1906
PCP85551 - BURLINGTON (MA) 01803-3766
PCP856 - EDGARTOWN (MA) 02539-7031
PCP8626 - FRAMINGHAM (MA) 01702-5303
PCP87186 - METHUEN (MA) 01844-7289
PCP88008 - KINGSTON (MA) 02364-3048
PCP8861 - SOUTH ATTLEBORO (MA) 02703-5917
PCP88687 - FITCHBURG (MA) 01420-7128
PCP88738 - MAYNARD (MA) 01754-2651
PCP89589 - DENNIS (MA) 02638-1906
PCP90102 - AGAWAM (MA) 01001
PCP90191 - REVERE (MA) 02151-3211
PCP905 - WESTPORT (MA) 02790-4311
PCP90534 - MIDDLETON (MA) 01949-2213
PCP9185 - WESTFORD (MA) 01886-3522
PCP920 - WAKEFIELD (MA) 01880-1648
PCP92449 - HAMPDEN (MA) 01036-9552
PCP92585 - NORTHAMPTON (MA) 01060-3243
PCP92836 - FITCHBURG (MA) 01420-7954
PCP9408 - GLOUCESTER (MA) 01930-2642
PCP9455 - PEMBROKE (MA) 02359-1842
PCP95496 - HOLBROOK (MA) 02343-1111
PCP95658 - CHELSEA (MA) 02150-2326
PCP96205 - SWAMPSCOTT (MA) 01907-1835
PCP9751 - EAST BRIDGEWATER (MA) 02333-1186
PCP97518 - WESTWOOD (MA) 02090-2539
PCP97541 - WESTFIELD (MA) 01085-1641
PCP97925 - BRIGHTON (MA) 02135-3511
PCP98121 - LYNN (MA) 01902-5001
PCP98900 - WINCHESTER (MA) 01890-4303
PEDIATRICS WEST PC - WESTFORD (MA) 01886-3198
PERFORMANCE PHYSICAL THERAPY INC - CHELSEA (MA) 02150-2336
PERFORMANCE REHABILITATION OF WESTERN NEW ENGLAND LLC - CHICOPEE (MA) 01020-5034
PERFORMANCE REHABILITATION OF WESTERN NEW ENGLAND LLC - EAST LONGMEADOW (MA) 01028-3188
PERFORMANCE REHABILITATION OF WESTERN NEW ENGLAND LLC - SAUGUS (MA) 01906-1094
PERFORMANCE REHABILITATION OF WESTERN NEW ENGLAND LLC - SUDBURY (MA) 01776-2405
PERFORMANCE REHABILITATION OF WESTERN NEW ENGLAND LLC - WEST SPRINGFIELD (MA) 01089-1420
PERFORMANCE REHABILITATION OF WESTERN NEW ENGLAND LLC - WESTFIELD (MA) 01085-1855
PERRAULT CHIROPRACTIC OFFICES  INC - METHUEN (MA) 01844-4239
PHYSICAL THERAPY AND SPORTS REHAB INC - NORFOLK (MA) 02056-1584
PHYSICAL THERAPY ASSOCIATES OF SCHENECTADY  P.C - LEE (MA) 01238-9265
PHYSICAL THERAPY INNOVATIONS  INC - AUBURN (MA) 01501-2717
PINNACLE REHABILITATION NETWORK  LLC - BRAINTREE (MA) 02184-2404
PINNACLE REHABILITATION NETWORK  LLC - PLYMOUTH (MA) 02360-4843
PINNACLE REHABILITATION NETWORK  LLC - WEYMOUTH (MA) 02190-1868
PIONEER SPINE AND SPORTS PHYSICIANS PC - EAST LONGMEADOW (MA) 01028-3209
PIONEER SPINE AND SPORTS PHYSICIANS PC - LENOX (MA) 01240-2122
PIONEER VALLEY ANESTHESIA  LLC - AMHERST (MA) 01002-2751
PLEXUS ANESTHESIA SERVICES OF MASSACHUSETTS PC - DARTMOUTH (MA) 02747-1242
PLYMOUTH BAY INTERNAL MEDICINE - PLYMOUTH (MA) 02360-4883
PLYMOUTH BAY ORTHOPEDIC ASSOCIATES  INC. - DUXBURY (MA) 02332-4738
PONDVILLE MEDICAL ASSOCIATES LLC - NORFOLK (MA) 02056-1680
POST ACUTE CARE CLINICIANS LLC - AGAWAM (MA) 01001-2020
POSTUM EYE CARE INC - BELLINGHAM (MA) 02019-9998
PRATT OPHTHALMOLOGY ASSOCIATES  INC - WATERTOWN (MA) 02472-4191
PREMIUM EYE CARE  PC - WESTWOOD (MA) 02090-2503
PRIMA CARE / SOMERSET SWANSEA WALK IN CARE CENTER - SOMERSET (MA) 2726
PRIMA CARE PC - FALL RIVER (MA) 02721-3005
PRIMA CARE WALK IN CLINIC - FALL RIVER (MA) 2721
PRIMARY CARE ASSOCIATES LLC - SPRINGFIELD (MA) 01103-1109
PROMPT CARE WALK-IN CLINIC - MEDFORD (MA) 2155
PSYCHIATRIC ASSOCIATES OF MALDEN  P.C. - MALDEN (MA) 02148-3900
Pittsfield Outpatient Clinic - Pittsfield (MA) 01201
Plymouth Outreach Clinic - Plymouth (MA) 02360
Quincy Outpatient Clinic - Quincy (MA) 02169
RADADVANTAGE A PROFESSIONAL CORPORATION - CONCORD (MA) 01742-1801
RADIATION THERAPY OF SOUTHEASTERN MASS  LLC - MANSFIELD (MA) 02048-1125
READING INTERNAL MEDICINE ASSOCIATES INC - READING (MA) 01867-3261
REHAB RESOLUTIONS INC - SOUTHWICK (MA) 01077-9829
RELIANT MEDICAL GROUP  INC - AUBURN (MA) 01501-3203
RELIANT MEDICAL GROUP  INC - FITCHBURG (MA) 01420-4541
RELIANT MEDICAL GROUP  INC - HOLDEN (MA) 01520-2570
RELIANT MEDICAL GROUP  INC - MILLBURY (MA) 01527-2692
RELIANT MEDICAL GROUP  INC - SHREWSBURY (MA) 01545-5224
RELIANT MEDICAL GROUP  INC - SOUTHBOROUGH (MA) 01772-1215
RELIANT MEDICAL GROUP  INC - SPENCER (MA) 01562-1909
REMOTE NEUROMONITORING PHYSICIANS PC - LENOX (MA) 01240-2420
RENAL AND TRANSPLANT ASSOCIATES OF NEW ENGLAND PC - HOLYOKE (MA) 01040-6603
RHEUMATOLOGY CONSULTANTS PC - BROCKTON (MA) 02301-7174
RIVER BEND MEDICAL GROUP - CHICOPEE OFFICE - URGENT CARE - CHICOPEE (MA) 1020
RIVER VALLEY COUNSELING CENTER INC - CHICOPEE (MA) 01013-1679
RIVER VALLEY COUNSELING CENTER INC - HOLYOKE (MA) 01040-3996
RIVERBEND MEDICAL GROUP INC - CHICOPEE (MA) 01020-1568
RIVERBEND MEDICAL GROUP INC - CHICOPEE (MA) 01020-1969
RIVERBEND MEDICAL GROUP INC - SPRINGFIELD (MA) 01118-1962
RIVERSIDE COMMUNITY CARE INC - LYNNFIELD (MA) 01940-2682
ROUTE 44 MEDICAL WALK-IN - RAYNHAM (MA) 2767
ROUTE 6 WALK IN EMERGENCY OFFICE - SEEKONK (MA) 2771
SAINT ANNE'S HOSPITAL - FALL RIVER (MA) 02721
SAINT VINCENT PHYSICIAN SERVICES INC - STERLING (MA) 01564-2114
SAINTS WALK-IN MEDICAL CENTER - URGENT CARE AND OCCUPATIONAL HEALTH - CHELMSFORD (MA) 1824
SAINTS WALK-IN MEDICAL CENTER - URGENT CARE AND OCCUPATIONAL HEALTH - LOWELL (MA) 1850
SAPERIA ORTHOPAEDICS AND SPORTS MEDICINE INC - TAUNTON (MA) 02780-7410
SENTIENT PHYSICIANS PC - WINTHROP (MA) 02152-1037
SHRINERS' HOSPITAL FOR CHILDREN (THE) - SPRINGFIELD (MA) 01104
SHRINERS' HOSPITAL FOR CHILDREN - BOSTON  THE - BOSTON (MA) 02114
SIGNATURE HEALTHCARE BROCKTON HOSPITAL - BROCKTON (MA) 02302
SIGNATURE HEALTHCARE MEDICAL GROUP INC - ABINGTON (MA) 02351-2186
SIGNATURE HEALTHCARE MEDICAL GROUP INC - RANDOLPH (MA) 02368-4015
SIGNATURE HEALTHCARE MEDICAL GROUP INC - RAYNHAM (MA) 02767-1942
SO SHORE CARDIOLOGY PC - SOUTH WEYMOUTH (MA) 02190-2427
SOUL PHYSICAL THERAPY LLC - BEVERLY (MA) 01915-5501
SOUND PHYSICIANS OF MASSACHUSETTS INC - NORTH ADAMS (MA) 01247-2584
SOUND PHYSICIANS OF MASSACHUSETTS INC - STOUGHTON (MA) 02072-1829
SOUTH BAY MENTAL HEALTH CENTER  INC. - CHELSEA (MA) 02150-2363
SOUTH COUNTY PHYSICAL THERAPY INC - MILLBURY (MA) 01527-3253
SOUTH SHORE ALLERGY AND ASTHMA SPECIALISTS P.C. - WEYMOUTH (MA) 02190-1615
SOUTH SHORE ANESTHESIA ASSOCIATES - RAYNHAM (MA) 02767-5460
SOUTH SHORE HEARING CENTER LLC - WEYMOUTH (MA) 02190-1845
SOUTH SHORE HOSPITAL - SOUTH WEYMOUTH (MA) 02190
SOUTH SHORE MEDICAL CENTER  INC. - WEYMOUTH (MA) 02189-3141
SOUTH SHORE SPORTS AND MUSCULAR THERAPY  INC. - QUINCY (MA) 02169-0907
SOUTH SHORE UROLOGY  INC. - SOUTH WEYMOUTH (MA) 02190-1618
SOUTHCOAST HOSPITAL GROUP  INC - FALL RIVER (MA) 02720
SOUTHCOAST PHYSICIANS GROUP  INC.. - FAIRHAVEN (MA) 02719-5208
SOUTHCOAST PHYSICIANS GROUP  INC.. - NORTH DARTMOUTH (MA) 02747-3322
SOUTHEASTERN PSYCHIATRIC ASSOC - RANDOLPH (MA) 02368-2100
SOUTHERN NEW ENGLAND RADIOLOGY INC - NORTH DARTMOUTH (MA) 02747-1257
SPORTS MEDICINE NORTH ORTHOPAEDIC SURGERY  INC. - WENHAM (MA) 01984-1451
SQUARE MEDICAL GROUP LLC - WATERTOWN (MA) 02472-2599
ST ELIZABETH'S MEDICAL CENTER - BRIGHTON (MA) 02135
ST VINCENT HOSPITAL - WORCESTER (MA) 01608
ST. VINCENT RADIOLOGICAL ASSOC.  INC. - TEMPLETON (MA) 01468-1332
STEP AHEAD PHYSICAL THERAPY - SOMERVILLE (MA) 02145-1102
STEWARD MEDICAL GROUP  INC - ANDOVER (MA) 01810-1509
STEWARD MEDICAL GROUP  INC - ANDOVER (MA) 01810-1550
STEWARD MEDICAL GROUP  INC - BRIGHTON (MA) 02135-2997
STEWARD MEDICAL GROUP  INC - DARTMOUTH (MA) 02747-1242
STEWARD MEDICAL GROUP  INC - EAST BRIDGEWATER (MA) 02333-1464
STEWARD MEDICAL GROUP  INC - HALIFAX (MA) 02338-1342
STEWARD MEDICAL GROUP  INC - LUNENBURG (MA) 01462-1219
STEWARD MEDICAL GROUP  INC - METHUEN (MA) 01844-4547
STEWARD MEDICAL GROUP  INC - MIDDLEBORO (MA) 02346-1030
STEWARD MEDICAL GROUP  INC - MIDDLEBORO (MA) 02346-1458
STEWARD MEDICAL GROUP  INC - S ATTLEBORO (MA) 02703-6942
STEWARD MEDICAL GROUP  INC - SOUTH ATTLEBORO (MA) 02703-5518
STEWARD MEDICAL GROUP  INC - TAUNTON (MA) 02780-3960
STEWARD ST. ANNE'S HOSPITAL CORPORATION - FALL RIVER (MA) 02721-1733
STEWARD ST. ANNE'S HOSPITAL CORPORATION - NORTH DARTMOUTH (MA) 02747-1242
STREFF ASSOCIATES  LLC - STOW (MA) 01775-1189
STURDY MEMORIAL HOSPITAL - ATTLEBORO (MA) 02703
Springfield Outpatient Clinic - Springfield (MA) 01104
Springfield Vet Center - West Springfield (MA) 01089
TANZMAN MASELLI AND ASSOCIATES PC - ADAMS (MA) 01220-1750
TAUNTON WALK IN HEALTH CLINIC - TAUNTON (MA) 2780
TERRI PEREIRA - MARLBORO (MA) 01752-3586
THE BRIDGE A CENTER FOR HOPE AND HEALING - S DARTMOUTH (MA) 02748-3407
THE COMMONWEALTH OF MASSACHUSETTS - TAUNTON (MA) 02780-3034
THE GENERAL HOSPITAL CORPORATION - CHELSEA (MA) 02150-1812
THE MCLEAN HOSPITAL CORPORATION - PETERSHAM (MA) 01366-9503
TOLL GATE RADIOLOGY II LLC - FALL RIVER (MA) 02720-2972
TOTAL HEALTH CARE  INC. - MILTON (MA) 02186-3800
TOTAL WELLNESS CENTERS  LLC - ATHOL (MA) 01331-2225
TOTAL WELLNESS CENTERS  LLC - LAWRENCE (MA) 01843-1740
TRISTAN MEDICAL PC - NEW BEDFORD (MA) 02746-1522
TRU MEDICAL WALK IN CLINIC - NEW BEDFORD (MA) 2746
TUFTS MEDICAL CENTER - BOSTON (MA) 02111
UMASS MEMORIAL MEDICAL CENTER INC - WORCESTER (MA) 01655
UMASS MEMORIAL MEDICAL GROUP  INC. - CLINTON (MA) 01510-1037
UMASS MEMORIAL MEDICAL GROUP  INC. - FITCHBURG (MA) 01420-5371
UMASS MEMORIAL MEDICAL GROUP  INC. - LEOMINSTER (MA) 01453-1818
UMASS MEMORIAL MEDICAL GROUP  INC. - NORTHBOROUGH (MA) 01532-2130
UMASS MEMORIAL MEDICAL GROUP  INC. - STERLING (MA) 01564-2146
UMASS MEMORIAL MEDICAL GROUP  INC. - UXBRIDGE (MA) 01569-1278
UMASS MEMORIAL MEDICAL GROUP  INC. - WEST BOYLSTON (MA) 01583-1670
UNIVERSITY EYE CARE LLC - WESTWOOD (MA) 02090-2333
URGENT CARE CENTERS OF CENTRAL MASSACHUSETTS LLC - WORCESTER (MA) 01605-1916
URGENT CARE MEDICAL CLINIC - BOSTON (MA) 2116
URGENT CARE MEDICAL CLINIC - BROCKTON (MA) 2301
URGENT CARE OPERATIONS PC - SWAMPSCOTT (MA) 01907-1300
URGENT HELP CHELMSFORD PC - CHELMSFORD (MA) 01824-1503
UROLOGY CONSULTANTS OF NS - NEWBURGPORT (MA) 01950
VA Boston Healthcare System  Brockton Campus - Brockton (MA) 02301
VA Boston Healthcare System  Jamaica Plain Campus - Jamaica Plain (MA) 02130
VA Boston Healthcare System  West Roxbury Campus - West Roxbury (MA) 02132
VA Central Western Massachusetts Healthcare System - Leeds (MA) 01053
VALLEY MEDICAL GROUP  P.C. - EASTHAMPTON (MA) 01027-1046
VALLEY MEDICAL GROUP  P.C. - GREENFIELD (MA) 01301-1514
VHM SERVICES INC - FRAMINGHAM (MA) 01702-8200
VISION CARE SPECIALISTS  P.C. - SOUTHBOROUGH (MA) 01772-2115
VK NEW ENGLAND MANAGEMENT LLC - PEABODY (MA) 01960-2907
VONNAHME AND ASSOCIATES LLC PC - HOLYOKE (MA) 01040-9403
WACHUSETT RADIOLOGY INC - GARDNER (MA) 01440-1373
WALK IN AND PRIMARY CARE - WALTHAM (MA) 2451
WALTHAM URGENT CARE - WALTHAM (MA) 2453
WEST BROOKFIELD FAMILY PRACTICE - W BROOKFIELD (MA) 01585-1044
WESTERN MASS PHYSICIAN ASSOCIATES INC - CHICOPEE (MA) 01020-4488
WESTERN MASS PHYSICIAN ASSOCIATES INC - HOLYOKE (MA) 01040-2749
WESTFORD DERMATOLOGY AND COSMETIC CENTER LLC - WESTFORD (MA) 01886-6326
WESTSIDE BEHAVIORAL HEALTH  LLC - BROCKTON (MA) 02301-1839
WILLIAM H LANGFIELD JR OD PC - SOMERSET (MA) 02726-4204
WINCHESTER HOSPITAL - WINCHESTER (MA) 01890
WINCHESTER HOSPITAL FAMILY MEDICAL CENTER - WILMINGTON (MA) 1887
WINCHESTER PHYSICIAN ASSOCIATES INC - TEWKSBURY (MA) 01876-3125
WINCHESTER PHYSICIAN ASSOCIATES INC - WINCHESTER (MA) 01890-1328
WOMENS HEALTHCARE ASSOCIATES  P.C. - MELROSE (MA) 02176-3201
WOODLAND ANESTHESIOLOGY ASSOCIATES  P.C. - SPRINGFIELD (MA) 01104-2377
WORCESTER OPHTHALMOLOGY ASSOCIATES INC - WORCESTER (MA) 01605-2751
Worcester Outpatient Clinic - Worcester (MA) 01605
Worcester Vet Center - Worcester (MA) 01609
YARMOUTH MEDICAL CENTER  LLC - SOUTH YARMOUTH (MA) 02664-1238
YOUTH OPPORTUNITIES UPHELD  INC. - GARDNER (MA) 01440-2781
